file,line,kind,name,steps,terminator,provenance,flags
bs_a1.v,112,Lemma,napp_nil_r,4,Defined,authored,
bs_a1.v,124,Theorem,nlength_napp,5,Defined,authored,
bs_a1.v,135,Theorem,napp_assoc,5,Defined,authored,
bs_a1.v,146,Theorem,nrev_napp,7,Defined,authored,
bs_a1.v,189,Lemma,papp_nil_r,4,Defined,authored,
bs_a1.v,201,Theorem,plength_papp_manual,5,Defined,authored,
bs_a1.v,212,Theorem,papp_assoc_manual,5,Defined,authored,
bs_a1.v,225,Theorem,prev_papp_manual,7,Defined,authored,
bs_a1.v,311,Lemma,plist_nlist_iso,4,Defined,authored,
bs_a1.v,320,Lemma,nlist_plist_iso,4,Defined,authored,
bs_a1.v,333,Definition,R_NatList,5,Defined,authored,
bs_a1.v,357,Lemma,_plength_eq_nlength,5,Defined,authored,
bs_a1.v,367,Lemma,plist_2_nlist_app,6,Defined,authored,
bs_a1.v,378,Lemma,plist_2_nlist_rev,6,Defined,authored,
bs_a1.v,394,Lemma,R__plength,5,Defined,authored,
bs_a1.v,407,Lemma,R__papp,7,Defined,authored,
bs_a1.v,420,Lemma,R__prev,5,Defined,authored,
bs_a1.v,446,Theorem,_plength_papp,2,Qed,authored,
bs_a1.v,451,Theorem,_papp_assoc,2,Qed,authored,
bs_a1.v,456,Theorem,_prev_papp,2,Qed,authored,
bs_a1.v,642,Theorem,zlength_zapp,5,Defined,authored,
bs_a1.v,688,Lemma,zplist_zlist_iso,4,Defined,authored,
bs_a1.v,697,Lemma,zlist_zplist_iso,4,Defined,authored,
bs_a1.v,705,Definition,R_ZList,5,Defined,authored,
bs_a1.v,721,Lemma,_zplength_eq_zlength,5,Defined,authored,
bs_a1.v,731,Lemma,zplist_2_zlist_app,6,Defined,authored,
bs_a1.v,744,Lemma,R__zplength,5,Defined,authored,
bs_a1.v,757,Lemma,R__zpapp,7,Defined,authored,
bs_a1.v,774,Theorem,_zplength_zpapp,2,Qed,authored,
bs_a2.v,91,Lemma,napp_nil_r,4,Defined,authored,
bs_a2.v,101,Theorem,nlength_napp,5,Defined,authored,
bs_a2.v,110,Theorem,napp_assoc,5,Defined,authored,
bs_a2.v,119,Theorem,nrev_napp,7,Defined,authored,
bs_a2.v,128,Theorem,nsum_napp,5,Defined,authored,
bs_a2.v,152,Lemma,papp_nil_r,5,Defined,authored,
bs_a2.v,163,Theorem,plength_papp_manual,5,Defined,authored,
bs_a2.v,172,Theorem,papp_assoc_manual,5,Defined,authored,
bs_a2.v,181,Theorem,prev_papp_manual,7,Defined,authored,
bs_a2.v,191,Theorem,psum_papp_manual,7,Defined,authored,
bs_a2.v,224,Lemma,psum_nat_eq_psum,6,Defined,authored,
bs_a2.v,253,Lemma,plist_nlist_iso,6,Defined,authored,
bs_a2.v,265,Lemma,nlist_plist_iso,6,Defined,authored,
bs_a2.v,275,Definition,R_NatList,5,Defined,authored,
bs_a2.v,286,Definition,R_NatList_nat,1,Defined,authored,
bs_a2.v,296,Lemma,plength_eq_nlength,5,Defined,authored,
bs_a2.v,305,Lemma,plist_2_nlist_app,5,Defined,authored,
bs_a2.v,314,Lemma,plist_2_nlist_rev,7,Defined,authored,
bs_a2.v,327,Lemma,plist_2_nlist_sum,6,Defined,authored,
bs_a2.v,341,Lemma,R_plength,5,Defined,authored,
bs_a2.v,355,Lemma,R_papp,7,Defined,authored,
bs_a2.v,369,Lemma,R_prev,5,Defined,authored,
bs_a2.v,384,Lemma,R_psum,5,Defined,authored,
bs_a2.v,402,Lemma,R_plength_nat,6,Qed,authored,
bs_a2.v,415,Lemma,R_papp_nat,8,Qed,authored,
bs_a2.v,427,Lemma,R_prev_nat,6,Qed,authored,
bs_a2.v,441,Lemma,R_psum_nat,8,Qed,authored,
bs_a2.v,468,Lemma,R_plength_Z,6,Qed,authored,
bs_a2.v,480,Lemma,R_papp_Z,8,Qed,authored,
bs_a2.v,491,Lemma,R_prev_Z,6,Qed,authored,
bs_a2.v,521,Theorem,plength_papp_nat,2,Qed,authored,
bs_a2.v,525,Theorem,papp_assoc_nat,2,Qed,authored,
bs_a2.v,529,Theorem,prev_papp_nat,2,Qed,authored,
bs_a2.v,533,Theorem,psum_papp_nat,2,Qed,authored,
bs_a2.v,539,Theorem,nlength_nrev,7,Defined,authored,
bs_a2.v,548,Theorem,plength_prev_nat,2,Qed,authored,
bs_a2.v,560,Theorem,plength_papp_Z,7,Qed,authored,
bs_a2.v,578,Theorem,papp_assoc_Z,1,Qed,authored,
bs_a2.v,582,Theorem,prev_papp_Z,1,Qed,authored,
bs_a2.v,586,Theorem,plength_prev_Z,2,Qed,authored,
bs_a3.v,201,Lemma,napp_nil_r,4,Defined,authored,
bs_a3.v,212,Theorem,nlength_napp,5,Defined,authored,
bs_a3.v,222,Theorem,napp_assoc,5,Defined,authored,
bs_a3.v,232,Theorem,nrev_napp,7,Defined,authored,
bs_a3.v,243,Theorem,nsum_napp,5,Defined,authored,
bs_a3.v,373,Lemma,papp_nil_r,5,Defined,authored,
bs_a3.v,388,Theorem,plength_papp_manual,5,Defined,authored,
bs_a3.v,400,Theorem,papp_assoc_manual,5,Defined,authored,
bs_a3.v,411,Theorem,prev_papp_manual,7,Defined,authored,
bs_a3.v,434,Theorem,psum_papp_manual,7,Defined,authored,
bs_a3.v,536,Lemma,plist_nlist_iso,4,Defined,authored,
bs_a3.v,545,Lemma,nlist_plist_iso,4,Defined,authored,
bs_a3.v,553,Definition,R_NatList,5,Defined,authored,
bs_a3.v,574,Lemma,_plength_eq_nlength,5,Defined,authored,
bs_a3.v,584,Lemma,plist_2_nlist_app,6,Defined,authored,
bs_a3.v,595,Lemma,plist_2_nlist_rev,6,Defined,authored,
bs_a3.v,648,Lemma,R__plength,5,Defined,authored,
bs_a3.v,661,Lemma,R__papp,7,Defined,authored,
bs_a3.v,674,Lemma,R__prev,5,Defined,authored,
bs_a3.v,699,Theorem,_plength_papp,2,Qed,authored,
bs_a3.v,704,Theorem,_papp_assoc,2,Qed,authored,
bs_a3.v,709,Theorem,_prev_papp,2,Qed,authored,
bs_a3.v,818,Definition,Map3_PList,4,Defined,authored,
bs_a3.v,831,Definition,Map4_PList,9,Qed,authored,
bs_a3.v,871,Definition,PListR_sym,6,Defined,authored,
bs_a3.v,887,Definition,Param44_PList,6,Defined,authored,
bs_a3.v,998,Lemma,Param_psum,4,Defined,authored,
bs_a3.v,1027,Lemma,Param_papp,4,Defined,authored,
bs_a3.v,1116,Theorem,zlength_zapp,1,Qed,authored,
bs_a3.v,1121,Theorem,zapp_assoc,1,Qed,authored,
bs_a3.v,1126,Theorem,zprev_zapp,1,Qed,authored,
bs_a3.v,1132,Theorem,zsum_zapp,1,Qed,authored,
bs_a3.v,1145,Lemma,PListR_refl,4,Defined,authored,
bs_a3.v,1157,Lemma,Param_zsum_zapp,1,Qed,authored,
bs_a4.v,123,Theorem,nlength_napp,5,Defined,authored,
bs_a4.v,144,Theorem,plength_papp_manual,5,Defined,authored,
bs_a4.v,190,Lemma,plist_nlist_iso,4,Defined,authored,
bs_a4.v,198,Lemma,nlist_plist_iso,4,Defined,authored,
bs_a4.v,207,Definition,R_NatList,5,Defined,authored,
bs_a4.v,220,Lemma,_plength_eq_nlength,5,Defined,authored,
bs_a4.v,230,Lemma,plist_2_nlist_app,6,Defined,authored,
bs_a4.v,244,Lemma,R__plength,5,Defined,authored,
bs_a4.v,257,Lemma,R__papp,7,Defined,authored,
bs_a4.v,281,Theorem,_plength_papp,2,Qed,authored,
bs_a4.v,364,Lemma,Param_plength,5,Defined,authored,
bs_a4.v,379,Lemma,Param_papp,4,Defined,authored,
bs_a4.v,394,Lemma,PListR_refl,4,Defined,authored,
bs_a4.v,412,Theorem,plength_papp_poly,1,Qed,authored,
bs_f1.v,111,Lemma,reprpK,1,Qed,authored,
bs_f1.v,118,Lemma,mk_mod9_mod3,1,Qed,authored,
bs_f1.v,177,Lemma,Rzero,1,Qed,authored,
bs_f1.v,178,Lemma,Rone,1,Qed,authored,
bs_f1.v,197,Lemma,Radd,2,Qed,authored,
bs_f1.v,204,Lemma,Rmul,2,Qed,authored,
bs_f1.v,214,Lemma,Rmod3,27,Qed,authored,
bs_f1.v,250,Lemma,Reqmodp01,4,Qed,authored,
bs_f1.v,295,Lemma,flt3_step,3,Qed,authored,
bs_m1.v,66,Theorem,tm_update_neq,4,Qed,authored,
bs_m1.v,80,Theorem,pm_update_neq_manual,4,Qed,authored,
bs_m1.v,102,Lemma,some_retrK,1,Defined,authored,
bs_m1.v,130,Lemma,string_idK,1,Defined,authored,
bs_m1.v,133,Definition,Param44_string,5,Defined,authored,
bs_m1.v,159,Lemma,R_eqb,12,Qed,authored,
bs_m1.v,192,Lemma,R_false,3,Defined,authored,
bs_m1.v,197,Lemma,R_true,3,Defined,authored,
bs_m1.v,211,Lemma,option_nat_idK,1,Defined,authored,
bs_m1.v,214,Definition,Param44_option_nat,5,Defined,authored,
bs_m1.v,255,Lemma,update_bridge,1,Defined,authored,
bs_m1.v,264,Lemma,R_update,10,Defined,authored,
bs_m1.v,287,Theorem,pm_update_neq,2,Qed,authored,
bs_p1.v,40,Example,nlength_ex1,2,Qed,authored,
bs_p1.v,43,Example,nlength_ex2,2,Qed,authored,
bs_p1.v,47,Example,napp_ex,2,Qed,authored,
bs_p1.v,51,Theorem,nlength_napp,5,Defined,authored,
bs_p1.v,65,Theorem,napp_length_comm,3,Defined,authored,
bs_p1.v,73,Theorem,napp_assoc,5,Defined,authored,
bs_p2.v,46,Example,plength_ex,2,Qed,authored,
bs_p2.v,50,Example,papp_ex,2,Qed,authored,
bs_p2.v,55,Theorem,plength_papp,5,Defined,authored,
bs_p4.v,66,Lemma,plist_natlist_iso,4,Qed,authored,
bs_p4.v,75,Lemma,natlist_plist_iso,4,Qed,authored,
bs_p4.v,86,Lemma,plength_eq_nlength,6,Qed,authored,
bs_p4.v,96,Lemma,plist_to_natlist_app,5,Qed,authored,
bs_p4.v,107,Theorem,plength_papp_via_natlist,7,Qed,authored,
bs_p5.v,58,Lemma,_plength_eq_nlength,5,Defined,authored,
bs_p5.v,68,Lemma,plist_2_nlist_app,6,Defined,authored,
bs_p5.v,81,Lemma,plist_nlist_iso,6,Defined,authored,
bs_p5.v,90,Lemma,nlist_plist_iso,4,Defined,authored,
bs_p5.v,99,Definition,R_NatList,5,Defined,authored,
bs_p5.v,131,Lemma,R__plength,5,Defined,authored,
bs_p5.v,169,Lemma,R__papp,7,Defined,authored,
bs_p5.v,197,Theorem,_plength_papp,2,Qed,authored,
bs_p5.v,206,Theorem,_plength_papp_comm,2,Qed,authored,
bs_p5.v,215,Theorem,_papp_assoc,2,Qed,authored,
bs_p6.v,51,Lemma,napp_nil_r,4,Defined,authored,
bs_p6.v,60,Lemma,_papp_nil_r,5,Defined,authored,
bs_p6.v,73,Theorem,nrev_napp,7,Defined,authored,
bs_p6.v,93,Theorem,_prev_papp,6,Defined,authored,
bs_p6.v,115,Lemma,plist_2_nlist_rev,6,Defined,authored,
bs_p6.v,151,Theorem,_prev_papp_manual,11,Defined,authored,
bs_p6.v,183,Lemma,R__prev,5,Defined,authored,
bs_p6.v,202,Theorem,_prev_papp_trocq,2,Qed,authored,
bs_p7.v,60,Theorem,nsum_napp,5,Defined,authored,
bs_p7.v,76,Lemma,psum_eq_nsum,4,Defined,authored,
bs_p7.v,98,Theorem,psum_papp_manual,7,Defined,authored,
bs_p7.v,124,Theorem,psum_papp_manual',5,Defined,authored,
bs_p7.v,165,Lemma,R__psum,5,Defined,authored,
bs_p7.v,182,Theorem,psum_papp_trocq,2,Qed,authored,
bs_z1.v,40,Theorem,eval_const_plus,3,Defined,authored,
bs_z1.v,46,Theorem,eval_assoc,3,Defined,authored,
bs_z1.v,52,Theorem,eval_plus_zero_r,3,Defined,authored,
bs_z1_lift.v,65,Goal,forall,3,Abort,authored,deliberate-failure
bs_z1_lift.v,86,Lemma,pexpr_expr_iso,6,Defined,authored,
bs_z1_lift.v,96,Lemma,expr_pexpr_iso,6,Defined,authored,
bs_z1_lift.v,113,Definition,R_expr,5,Defined,authored,
bs_z1_lift.v,122,Definition,R_expr_nat,1,Defined,authored,
bs_z1_lift.v,139,Lemma,peval_nat_eq_peval,4,Defined,authored,
bs_z1_lift.v,149,Lemma,R_zero,1,Defined,authored,
bs_z1_lift.v,153,Lemma,R_pconst,6,Defined,authored,
bs_z1_lift.v,164,Lemma,R_pplus,7,Defined,authored,
bs_z1_lift.v,183,Lemma,peval_eq_eval,5,Defined,authored,
bs_z1_lift.v,193,Lemma,R_peval_nat,9,Defined,authored,
bs_z1_lift.v,222,Theorem,peval_const_plus_auto,2,Defined,authored,
bs_z1_lift.v,229,Theorem,peval_assoc_auto,2,Defined,authored,
bs_z1_lift.v,236,Theorem,peval_plus_zero_r_auto,2,Defined,authored,
